Global Volcanism Program - Volcanoes of the World 4.8.8,,,Basic List of Holocene Volcanoes,,Downloaded on 03 Jun 2020 at 12:07 AM,,,,,,,
Volcano Number,Volcano Name,Country,Primary Volcano Type,Activity Evidence,Last Known Eruption,Region,Subregion,Latitude,Longitude,Elevation (m),Dominant Rock Type,Tectonic Setting
332000,Loihi,United States,Submarine,Eruption Observed,1996 CE,Hawaii and Pacific Ocean,Hawaiian Islands,18.92,-155.27,-975,Basalt / Picro-Basalt,Intraplate / Oceanic crust (< 15 km)
332010,Kilauea,United States,Shield,Eruption Observed,2018 CE,Hawaii and Pacific Ocean,Hawaiian Islands,19.421,-155.287,1222,Basalt / Picro-Basalt,Intraplate / Oceanic crust (< 15 km)
332020,Mauna Loa,United States,Shield,Eruption Observed,1984 CE,Hawaii and Pacific Ocean,Hawaiian Islands,19.475,-155.608,4170,Basalt / Picro-Basalt,Intraplate / Oceanic crust (< 15 km)
332030,Mauna Kea,United States,Shield,Eruption Dated,-2460,Hawaii and Pacific Ocean,Hawaiian Islands,19.82,-155.47,4205,Basalt / Picro-Basalt,Intraplate / Oceanic crust (< 15 km)
332040,Hualalai,United States,Shield,Eruption Observed,1801 CE,Hawaii and Pacific Ocean,Hawaiian Islands,19.692,-155.87,2523,Basalt / Picro-Basalt,Intraplate / Oceanic crust (< 15 km)
332060,Haleakala,United States,Shield,Eruption Dated,1750 CE,Hawaii and Pacific Ocean,Hawaiian Islands,20.708,-156.25,3055,Basalt / Picro-Basalt,Intraplate / Oceanic crust (< 15 km)
284133,Fukujin,United States,Submarine,Eruption Observed,1974 CE,"Japan, Taiwan, Marianas","Izu, Volcano, and Mariana Islands",21.93,143.47,-217,Andesite / Basaltic Andesite,Subduction zone / Crustal thickness unknown
284134,Kasuga 1,United States,Submarine,Eruption Observed,1959 CE,"Japan, Taiwan, Marianas","Izu, Volcano, and Mariana Islands",21.765,143.71,-598,Andesite / Basaltic Andesite,Subduction zone / Crustal thickness unknown
284135,Kasuga 2,United States,Submarine,Evidence Credible,Unknown,"Japan, Taiwan, Marianas","Izu, Volcano, and Mariana Islands",21.6,143.637,-274,Basalt / Picro-Basalt,Subduction zone / Crustal thickness unknown
284136,NW Eifuku,United States,Submarine,Unrest / Holocene,Unknown,"Japan, Taiwan, Marianas","Izu, Volcano, and Mariana Islands",21.485,144.043,-1535,Basalt / Picro-Basalt,Subduction zone / Crustal thickness unknown
284137,Daikoku,United States,Submarine,Unrest / Holocene,Unknown,"Japan, Taiwan, Marianas","Izu, Volcano, and Mariana Islands",21.324,144.194,-323,Andesite / Basaltic Andesite,Subduction zone / Crustal thickness unknown
284140,Farallon de Pajaros,United States,Stratovolcano,Eruption Observed,1967 CE,"Japan, Taiwan, Marianas","Izu, Volcano, and Mariana Islands",20.546,144.893,337,Andesite / Basaltic Andesite,Subduction zone / Crustal thickness unknown
284141,Ahyi,United States,Submarine,Eruption Dated,2014 CE,"Japan, Taiwan, Marianas","Izu, Volcano, and Mariana Islands",20.42,145.03,-75,Andesite / Basaltic Andesite,Subduction zone / Crustal thickness unknown
284142,Supply Reef,United States,Submarine,Eruption Dated,1989 CE,"Japan, Taiwan, Marianas","Izu, Volcano, and Mariana Islands",20.13,145.1,-8,Andesite / Basaltic Andesite,Subduction zone / Crustal thickness unknown
284143,Maug Islands,United States,Stratovolcano,Unrest / Holocene,Unknown,"Japan, Taiwan, Marianas","Izu, Volcano, and Mariana Islands",20.02,145.22,227,Basalt / Picro-Basalt,Subduction zone / Crustal thickness unknown
284150,Asuncion,United States,Stratovolcano,Eruption Observed,1906 CE,"Japan, Taiwan, Marianas","Izu, Volcano, and Mariana Islands",19.671,145.406,857,Andesite / Basaltic Andesite,Subduction zone / Crustal thickness unknown
284160,Agrigan,United States,Stratovolcano,Eruption Observed,1917 CE,"Japan, Taiwan, Marianas","Izu, Volcano, and Mariana Islands",18.77,145.67,965,Basalt / Picro-Basalt,Subduction zone / Crustal thickness unknown
284170,Pagan,United States,Stratovolcano(es),Eruption Observed,2012 CE,"Japan, Taiwan, Marianas","Izu, Volcano, and Mariana Islands",18.13,145.8,570,Basalt / Picro-Basalt,Subduction zone / Crustal thickness unknown
284180,Alamagan,United States,Stratovolcano,Eruption Dated,870 CE,"Japan, Taiwan, Marianas","Izu, Volcano, and Mariana Islands",17.6,145.83,744,Andesite / Basaltic Andesite,Subduction zone / Crustal thickness unknown
284190,Guguan,United States,Stratovolcano,Eruption Observed,1883 CE,"Japan, Taiwan, Marianas","Izu, Volcano, and Mariana Islands",17.307,145.845,287,Andesite / Basaltic Andesite,Subduction zone / Crustal thickness unknown
284191,Zealandia Bank,United States,Stratovolcano,Unrest / Holocene,Unknown,"Japan, Taiwan, Marianas","Izu, Volcano, and Mariana Islands",16.88,145.85,0,Basalt / Picro-Basalt,Subduction zone / Crustal thickness unknown
284192,Sarigan,United States,Stratovolcano,Evidence Credible,Unknown,"Japan, Taiwan, Marianas","Izu, Volcano, and Mariana Islands",16.708,145.78,538,Andesite / Basaltic Andesite,Subduction zone / Crustal thickness unknown
284193,South Sarigan Seamount,United States,Submarine,Eruption Observed,2010 CE,"Japan, Taiwan, Marianas","Izu, Volcano, and Mariana Islands",16.58,145.78,-184,No Data (checked),Subduction zone / Crustal thickness unknown
284200,Anatahan,United States,Stratovolcano,Eruption Observed,2008 CE,"Japan, Taiwan, Marianas","Izu, Volcano, and Mariana Islands",16.35,145.67,790,Andesite / Basaltic Andesite,Subduction zone / Crustal thickness unknown
284201,East Diamante,United States,Submarine,Unrest / Holocene,Unknown,"Japan, Taiwan, Marianas","Izu, Volcano, and Mariana Islands",15.93,145.67,-127,Dacite,Subduction zone / Crustal thickness unknown
284202,Ruby,United States,Submarine,Eruption Observed,1995 CE,"Japan, Taiwan, Marianas","Izu, Volcano, and Mariana Islands",15.62,145.57,-230,Basalt / Picro-Basalt,Subduction zone / Crustal thickness unknown
284210,Esmeralda Bank,United States,Submarine,Unrest / Holocene,Unknown,"Japan, Taiwan, Marianas","Izu, Volcano, and Mariana Islands",15,145.25,-43,Basalt / Picro-Basalt,Subduction zone / Crustal thickness unknown
284211,NW Rota-1,United States,Submarine,Eruption Observed,2010 CE,"Japan, Taiwan, Marianas","Izu, Volcano, and Mariana Islands",14.601,144.775,-517,Basalt / Picro-Basalt,Subduction zone / Crustal thickness unknown
284220,Forecast Seamount,United States,Submarine,Unrest / Holocene,Unknown,"Japan, Taiwan, Marianas","Izu, Volcano, and Mariana Islands",13.4,143.92,-1456,No Data (checked),Subduction zone / Crustal thickness unknown
284230,Seamount X,United States,Submarine,Unrest / Holocene,Unknown,"Japan, Taiwan, Marianas","Izu, Volcano, and Mariana Islands",13.25,144.02,-1230,Basalt / Picro-Basalt,Subduction zone / Crustal thickness unknown
284305,Mariana Back-Arc Segment at 15.5¢XN,United States,Submarine,Eruption Dated,2015 CE,"Japan, Taiwan, Marianas","Izu, Volcano, and Mariana Islands",15.406,144.506,-4100,,Subduction zone / Oceanic crust (< 15 km)
311010,Buldir,United States,Stratovolcano,Evidence Uncertain,Unknown,Alaska,Aleutian Islands,52.35,175.911,656,Basalt / Picro-Basalt,Subduction zone / Intermediate crust (15-25 km)
311020,Kiska,United States,Stratovolcano,Eruption Observed,1990 CE,Alaska,Aleutian Islands,52.103,177.602,1220,Andesite / Basaltic Andesite,Subduction zone / Intermediate crust (15-25 km)
311030,Segula,United States,Stratovolcano,Evidence Credible,Unknown,Alaska,Aleutian Islands,52.015,178.136,1160,Andesite / Basaltic Andesite,Subduction zone / Intermediate crust (15-25 km)
311040,Davidof,United States,Stratovolcano,Evidence Uncertain,Unknown,Alaska,Aleutian Islands,51.97,178.33,328,No Data (checked),Subduction zone / Intermediate crust (15-25 km)
311050,Little Sitkin,United States,Stratovolcano,Eruption Observed,1830 CE,Alaska,Aleutian Islands,51.95,178.543,1174,Andesite / Basaltic Andesite,Subduction zone / Intermediate crust (15-25 km)
311060,Semisopochnoi,United States,Stratovolcano,Eruption Observed,2020 CE,Alaska,Aleutian Islands,51.93,179.58,1221,Basalt / Picro-Basalt,Subduction zone / Intermediate crust (15-25 km)
311070,Gareloi,United States,Stratovolcano,Eruption Observed,1989 CE,Alaska,Aleutian Islands,51.79,-178.794,1573,Basalt / Picro-Basalt,Subduction zone / Intermediate crust (15-25 km)
311080,Tanaga,United States,Stratovolcano(es),Eruption Observed,1914 CE,Alaska,Aleutian Islands,51.885,-178.146,1806,Basalt / Picro-Basalt,Subduction zone / Intermediate crust (15-25 km)
311090,Takawangha,United States,Stratovolcano,Eruption Dated,1550 CE,Alaska,Aleutian Islands,51.873,-178.006,1449,Basalt / Picro-Basalt,Subduction zone / Intermediate crust (15-25 km)
311100,Bobrof,United States,Stratovolcano,Evidence Uncertain,Unknown,Alaska,Aleutian Islands,51.91,-177.438,738,Basalt / Picro-Basalt,Subduction zone / Intermediate crust (15-25 km)
311110,Kanaga,United States,Stratovolcano,Eruption Observed,2012 CE,Alaska,Aleutian Islands,51.923,-177.168,1307,Andesite / Basaltic Andesite,Subduction zone / Intermediate crust (15-25 km)
311111,Moffett,United States,Stratovolcano,Eruption Dated,-1600,Alaska,Aleutian Islands,51.944,-176.747,1196,Andesite / Basaltic Andesite,Subduction zone / Intermediate crust (15-25 km)
311120,Great Sitkin,United States,Stratovolcano,Eruption Observed,2019 CE,Alaska,Aleutian Islands,52.076,-176.13,1740,Andesite / Basaltic Andesite,Subduction zone / Intermediate crust (15-25 km)
311130,Kasatochi,United States,Stratovolcano,Eruption Observed,2008 CE,Alaska,Aleutian Islands,52.177,-175.508,314,Basalt / Picro-Basalt,Subduction zone / Intermediate crust (15-25 km)
311140,Koniuji,United States,Stratovolcano,Eruption Dated,-1150,Alaska,Aleutian Islands,52.22,-175.13,273,Andesite / Basaltic Andesite,Subduction zone / Intermediate crust (15-25 km)
311160,Atka,United States,Stratovolcano(es),Eruption Observed,1812 CE,Alaska,Aleutian Islands,52.331,-174.139,1448,Basalt / Picro-Basalt,Subduction zone / Intermediate crust (15-25 km)
311161,Korovin,United States,Stratovolcano(es),Eruption Observed,2007 CE,Alaska,Aleutian Islands,52.381,-174.166,1518,Basalt / Picro-Basalt,Subduction zone / Continental crust (>25 km)
311180,Seguam,United States,Stratovolcano(es),Eruption Observed,1993 CE,Alaska,Aleutian Islands,52.315,-172.51,1054,Andesite / Basaltic Andesite,Subduction zone / Intermediate crust (15-25 km)
311190,Amukta,United States,Stratovolcano,Eruption Observed,1997 CE,Alaska,Aleutian Islands,52.5,-171.252,1066,Andesite / Basaltic Andesite,Subduction zone / Intermediate crust (15-25 km)
311200,Chagulak,United States,Stratovolcano,Evidence Credible,Unknown,Alaska,Aleutian Islands,52.577,-171.13,1142,Andesite / Basaltic Andesite,Subduction zone / Intermediate crust (15-25 km)
311210,Yunaska,United States,Shield,Eruption Observed,1937 CE,Alaska,Aleutian Islands,52.643,-170.629,550,Andesite / Basaltic Andesite,Subduction zone / Intermediate crust (15-25 km)
311220,Herbert,United States,Stratovolcano,Evidence Credible,Unknown,Alaska,Aleutian Islands,52.742,-170.111,1280,Andesite / Basaltic Andesite,Subduction zone / Intermediate crust (15-25 km)
311230,Carlisle,United States,Stratovolcano,Eruption Observed,1828 CE,Alaska,Aleutian Islands,52.894,-170.054,1620,Andesite / Basaltic Andesite,Subduction zone / Intermediate crust (15-25 km)
311240,Cleveland,United States,Stratovolcano,Eruption Observed,2019 CE,Alaska,Aleutian Islands,52.825,-169.944,1730,Andesite / Basaltic Andesite,Subduction zone / Intermediate crust (15-25 km)
311241,Tana,United States,Stratovolcano(es),Evidence Credible,Unknown,Alaska,Aleutian Islands,52.83,-169.77,1170,Rhyolite,Subduction zone / Intermediate crust (15-25 km)
311250,Uliaga,United States,Stratovolcano,Evidence Credible,Unknown,Alaska,Aleutian Islands,53.065,-169.77,888,No Data (checked),Subduction zone / Intermediate crust (15-25 km)
311260,Kagamil,United States,Stratovolcano,Eruption Observed,1929 CE,Alaska,Aleutian Islands,52.974,-169.72,893,No Data (checked),Subduction zone / Intermediate crust (15-25 km)
311270,Vsevidof,United States,Stratovolcano,Eruption Observed,1878 CE,Alaska,Aleutian Islands,53.13,-168.693,2149,Andesite / Basaltic Andesite,Subduction zone / Intermediate crust (15-25 km)
311280,Recheschnoi,United States,Stratovolcano,Evidence Credible,Unknown,Alaska,Aleutian Islands,53.157,-168.539,1984,Andesite / Basaltic Andesite,Subduction zone / Intermediate crust (15-25 km)
311290,Okmok,United States,Shield,Eruption Observed,2008 CE,Alaska,Aleutian Islands,53.43,-168.13,1073,Basalt / Picro-Basalt,Subduction zone / Intermediate crust (15-25 km)
311300,Bogoslof,United States,Submarine,Eruption Observed,2017 CE,Alaska,Aleutian Islands,53.93,-168.03,150,Trachyandesite / Basaltic Trachyandesite,Subduction zone / Intermediate crust (15-25 km)
311310,Makushin,United States,Stratovolcano,Eruption Observed,1995 CE,Alaska,Aleutian Islands,53.891,-166.923,1800,Andesite / Basaltic Andesite,Subduction zone / Intermediate crust (15-25 km)
311320,Akutan,United States,Stratovolcano,Eruption Observed,1992 CE,Alaska,Aleutian Islands,54.134,-165.986,1303,Basalt / Picro-Basalt,Subduction zone / Intermediate crust (15-25 km)
311340,Westdahl,United States,Stratovolcano?,Eruption Observed,1992 CE,Alaska,Aleutian Islands,54.516,-164.65,1563,Basalt / Picro-Basalt,Subduction zone / Continental crust (>25 km)
311350,Fisher,United States,Stratovolcano,Eruption Observed,1830 CE,Alaska,Aleutian Islands,54.65,-164.43,1112,Andesite / Basaltic Andesite,Subduction zone / Continental crust (>25 km)
311360,Shishaldin,United States,Stratovolcano,Eruption Observed,2020 CE,Alaska,Aleutian Islands,54.756,-163.97,2857,Basalt / Picro-Basalt,Subduction zone / Continental crust (>25 km)
311370,Isanotski,United States,Stratovolcano,Evidence Uncertain,Unknown,Alaska,Aleutian Islands,54.765,-163.723,2446,No Data (checked),Subduction zone / Continental crust (>25 km)
311380,Roundtop,United States,Stratovolcano,Eruption Dated,-7600,Alaska,Aleutian Islands,54.8,-163.589,1871,Rhyolite,Subduction zone / Continental crust (>25 km)
311390,Amak,United States,Stratovolcano,Eruption Observed,1796 CE,Alaska,Aleutian Islands,55.424,-163.149,488,Andesite / Basaltic Andesite,Subduction zone / Continental crust (>25 km)
312010,Frosty,United States,Stratovolcano(es),Evidence Credible,Unknown,Alaska,Alaska Peninsula,55.067,-162.835,1728,Andesite / Basaltic Andesite,Subduction zone / Continental crust (>25 km)
312011,Dutton,United States,Stratovolcano,Evidence Credible,Unknown,Alaska,Alaska Peninsula,55.183,-162.276,1465,Andesite / Basaltic Andesite,Subduction zone / Continental crust (>25 km)
312020,Emmons Lake,United States,Caldera,Evidence Credible,Unknown,Alaska,Alaska Peninsula,55.341,-162.073,1436,Andesite / Basaltic Andesite,Subduction zone / Continental crust (>25 km)
312030,Pavlof,United States,Stratovolcano,Eruption Observed,2016 CE,Alaska,Alaska Peninsula,55.417,-161.894,2493,Andesite / Basaltic Andesite,Subduction zone / Continental crust (>25 km)
312040,Pavlof Sister,United States,Stratovolcano,Evidence Credible,Unknown,Alaska,Alaska Peninsula,55.457,-161.854,2142,Basalt / Picro-Basalt,Subduction zone / Continental crust (>25 km)
312050,Dana,United States,Stratovolcano,Eruption Dated,-1890,Alaska,Alaska Peninsula,55.641,-161.214,1354,Andesite / Basaltic Andesite,Subduction zone / Continental crust (>25 km)
312051,Stepovak Bay 2,United States,Pyroclastic cone,Evidence Credible,Unknown,Alaska,Alaska Peninsula,55.913,-160.041,1323,Andesite / Basaltic Andesite,Subduction zone / Continental crust (>25 km)
312052,Stepovak Bay 3,United States,Pyroclastic cone,Evidence Uncertain,Unknown,Alaska,Alaska Peninsula,55.929,-160.002,1555,Andesite / Basaltic Andesite,Subduction zone / Continental crust (>25 km)
312053,Stepovak Bay 4,United States,Stratovolcano,Evidence Credible,Unknown,Alaska,Alaska Peninsula,55.954,-159.954,1557,No Data (checked),Subduction zone / Continental crust (>25 km)
312060,Kupreanof,United States,Stratovolcano,Eruption Observed,1987 CE,Alaska,Alaska Peninsula,56.011,-159.797,1895,Andesite / Basaltic Andesite,Subduction zone / Continental crust (>25 km)
312070,Veniaminof,United States,Stratovolcano,Eruption Observed,2018 CE,Alaska,Alaska Peninsula,56.17,-159.38,2507,Andesite / Basaltic Andesite,Subduction zone / Continental crust (>25 km)
312080,Black Peak,United States,Stratovolcano,Eruption Dated,-1900,Alaska,Alaska Peninsula,56.552,-158.785,1032,Andesite / Basaltic Andesite,Subduction zone / Continental crust (>25 km)
312090,Aniakchak,United States,Caldera,Eruption Observed,1931 CE,Alaska,Alaska Peninsula,56.88,-158.17,1341,Andesite / Basaltic Andesite,Subduction zone / Continental crust (>25 km)
312100,Yantarni,United States,Stratovolcano,Eruption Dated,-800,Alaska,Alaska Peninsula,57.019,-157.185,1345,Andesite / Basaltic Andesite,Subduction zone / Continental crust (>25 km)
312110,Chiginagak,United States,Stratovolcano,Eruption Observed,1998 CE,Alaska,Alaska Peninsula,57.135,-156.99,2221,Andesite / Basaltic Andesite,Subduction zone / Continental crust (>25 km)
312120,Kialagvik,United States,Stratovolcano,Evidence Credible,Unknown,Alaska,Alaska Peninsula,57.203,-156.745,1677,Andesite / Basaltic Andesite,Subduction zone / Continental crust (>25 km)
312130,Ugashik-Peulik,United States,Stratovolcano,Eruption Observed,1814 CE,Alaska,Alaska Peninsula,57.751,-156.368,1474,Andesite / Basaltic Andesite,Subduction zone / Continental crust (>25 km)
312131,Ukinrek Maars,United States,Maar(s),Eruption Observed,1977 CE,Alaska,Alaska Peninsula,57.832,-156.51,91,Basalt / Picro-Basalt,Subduction zone / Continental crust (>25 km)
312132,Unnamed,United States,Lava dome,Evidence Credible,Unknown,Alaska,Alaska Peninsula,57.87,-155.411,402,No Data (checked),Subduction zone / Continental crust (>25 km)
312140,Martin,United States,Stratovolcano,Eruption Dated,1953 CE,Alaska,Alaska Peninsula,58.172,-155.361,1863,Dacite,Subduction zone / Continental crust (>25 km)
312150,Mageik,United States,Stratovolcano,Eruption Dated,-500,Alaska,Alaska Peninsula,58.195,-155.253,2165,Andesite / Basaltic Andesite,Subduction zone / Continental crust (>25 km)
312160,Trident,United States,Stratovolcano,Eruption Observed,1974 CE,Alaska,Alaska Peninsula,58.236,-155.1,1864,Andesite / Basaltic Andesite,Subduction zone / Continental crust (>25 km)
312170,Katmai,United States,Stratovolcano,Eruption Observed,1912 CE,Alaska,Alaska Peninsula,58.28,-154.963,2047,Andesite / Basaltic Andesite,Subduction zone / Continental crust (>25 km)
312180,Novarupta,United States,Caldera,Eruption Observed,1912 CE,Alaska,Alaska Peninsula,58.27,-155.157,841,Rhyolite,Subduction zone / Continental crust (>25 km)
312190,Griggs,United States,Stratovolcano,Eruption Dated,-1790,Alaska,Alaska Peninsula,58.354,-155.092,2317,Andesite / Basaltic Andesite,Subduction zone / Continental crust (>25 km)
312200,Snowy Mountain,United States,Stratovolcano(es),Eruption Dated,1710 CE,Alaska,Alaska Peninsula,58.336,-154.682,2162,Andesite / Basaltic Andesite,Subduction zone / Continental crust (>25 km)
312210,Denison,United States,Stratovolcano,Evidence Uncertain,Unknown,Alaska,Alaska Peninsula,58.418,-154.449,2287,Andesite / Basaltic Andesite,Subduction zone / Continental crust (>25 km)
312220,Steller,United States,Stratovolcano,Evidence Credible,Unknown,Alaska,Alaska Peninsula,58.43,-154.4,2272,Andesite / Basaltic Andesite,Subduction zone / Continental crust (>25 km)
312230,Kukak,United States,Stratovolcano,Unrest / Holocene,Unknown,Alaska,Alaska Peninsula,58.453,-154.355,2043,Andesite / Basaltic Andesite,Subduction zone / Continental crust (>25 km)
312250,Kaguyak,United States,Lava dome(s),Eruption Dated,-3850,Alaska,Alaska Peninsula,58.608,-154.028,901,Dacite,Subduction zone / Continental crust (>25 km)
312260,Fourpeaked,United States,Stratovolcano,Eruption Observed,2006 CE,Alaska,Alaska Peninsula,58.77,-153.672,2105,Andesite / Basaltic Andesite,Subduction zone / Continental crust (>25 km)
312270,Douglas,United States,Stratovolcano,Evidence Credible,Unknown,Alaska,Alaska Peninsula,58.855,-153.542,2140,Andesite / Basaltic Andesite,Subduction zone / Continental crust (>25 km)
313010,Augustine,United States,Lava dome(s),Eruption Observed,2006 CE,Alaska,Alaska (southwestern),59.363,-153.43,1252,Andesite / Basaltic Andesite,Subduction zone / Continental crust (>25 km)
313020,Iliamna,United States,Stratovolcano,Eruption Observed,1876 CE,Alaska,Alaska (southwestern),60.032,-153.09,3053,Andesite / Basaltic Andesite,Subduction zone / Continental crust (>25 km)
313030,Redoubt,United States,Stratovolcano,Eruption Observed,2009 CE,Alaska,Alaska (southwestern),60.485,-152.742,3108,Andesite / Basaltic Andesite,Subduction zone / Continental crust (>25 km)
313040,Spurr,United States,Stratovolcano,Eruption Observed,1992 CE,Alaska,Alaska (southwestern),61.299,-152.251,3374,Andesite / Basaltic Andesite,Subduction zone / Continental crust (>25 km)
313050,Hayes,United States,Stratovolcano,Eruption Dated,1200 CE,Alaska,Alaska (southwestern),61.64,-152.411,3034,Dacite,Subduction zone / Continental crust (>25 km)
314010,St. Paul Island,United States,Shield,Eruption Dated,-1280,Alaska,Alaska (western),57.18,-170.3,203,Trachybasalt / Tephrite Basanite,Intraplate / Continental crust (>25 km)
314030,Ingakslugwat Hills,United States,Pyroclastic cone(s),Evidence Credible,Unknown,Alaska,Alaska (western),61.43,-164.47,190,Basalt / Picro-Basalt,Intraplate / Continental crust (>25 km)
314040,St. Michael,United States,Shield(s),Evidence Credible,Unknown,Alaska,Alaska (western),63.45,-162.12,715,Basalt / Picro-Basalt,Intraplate / Continental crust (>25 km)
314060,Imuruk Lake,United States,Shield(s),Eruption Dated,300 CE,Alaska,Alaska (western),65.517,-163.45,610,Basalt / Picro-Basalt,Intraplate / Continental crust (>25 km)
315001,Buzzard Creek,United States,Tuff ring(s),Eruption Dated,-1050,Alaska,Alaska (eastern),64.062,-148.433,830,Basalt / Picro-Basalt,Subduction zone / Continental crust (>25 km)
315020,Wrangell,United States,Shield,Eruption Observed,1912 CE,Alaska,Alaska (eastern),62.006,-144.017,4278,Andesite / Basaltic Andesite,Intraplate / Continental crust (>25 km)
315030,Churchill,United States,Stratovolcano,Eruption Dated,847 CE,Alaska,Alaska (eastern),61.38,-141.75,5005,Dacite,Intraplate / Continental crust (>25 km)
315040,Edgecumbe,United States,Stratovolcano(es),Eruption Dated,-2220,Alaska,Alaska (eastern),57.05,-135.75,970,Andesite / Basaltic Andesite,Intraplate / Continental crust (>25 km)
315050,Duncan Canal,United States,Volcanic field,Evidence Credible,Unknown,Alaska,Alaska (eastern),56.5,-133.1,15,Basalt / Picro-Basalt,Subduction zone / Continental crust (>25 km)
315060,Tlevak Strait-Suemez Is.,United States,Volcanic field,Evidence Credible,Unknown,Alaska,Alaska (eastern),55.25,-133.3,50,Basalt / Picro-Basalt,Subduction zone / Continental crust (>25 km)
315070,Behm Canal-Rudyerd Bay,United States,Pyroclastic cone(s),Evidence Uncertain,Unknown,Alaska,Alaska (eastern),55.32,-131.05,500,Basalt / Picro-Basalt,Intraplate / Continental crust (>25 km)
321010,Baker,United States,Stratovolcano(es),Eruption Observed,1880 CE,Canada and Western USA,USA (Washington),48.777,-121.813,3285,Andesite / Basaltic Andesite,Subduction zone / Continental crust (>25 km)
321020,Glacier Peak,United States,Stratovolcano,Eruption Dated,1700 CE,Canada and Western USA,USA (Washington),48.112,-121.113,3213,Dacite,Subduction zone / Continental crust (>25 km)
321030,Rainier,United States,Stratovolcano,Eruption Dated,1450 CE,Canada and Western USA,USA (Washington),46.853,-121.76,4392,Andesite / Basaltic Andesite,Subduction zone / Continental crust (>25 km)
321040,Adams,United States,Stratovolcano,Eruption Dated,950 CE,Canada and Western USA,USA (Washington),46.206,-121.49,3742,Andesite / Basaltic Andesite,Subduction zone / Continental crust (>25 km)
321050,St. Helens,United States,Stratovolcano,Eruption Observed,2008 CE,Canada and Western USA,USA (Washington),46.2,-122.18,2549,Dacite,Subduction zone / Continental crust (>25 km)
321060,West Crater,United States,Volcanic field,Eruption Dated,-5750,Canada and Western USA,USA (Washington),45.88,-122.08,1329,Andesite / Basaltic Andesite,Subduction zone / Continental crust (>25 km)
321070,Indian Heaven,United States,Shield(s),Eruption Dated,-6250,Canada and Western USA,USA (Washington),45.93,-121.82,1806,Basalt / Picro-Basalt,Subduction zone / Continental crust (>25 km)
322010,Hood,United States,Stratovolcano,Eruption Observed,1866 CE,Canada and Western USA,USA (Oregon),45.374,-121.695,3426,Andesite / Basaltic Andesite,Subduction zone / Continental crust (>25 km)
322020,Jefferson,United States,Stratovolcano,Eruption Dated,950 CE,Canada and Western USA,USA (Oregon),44.674,-121.8,3199,Andesite / Basaltic Andesite,Subduction zone / Continental crust (>25 km)
322030,Blue Lake Crater,United States,Maar,Eruption Dated,680 CE,Canada and Western USA,USA (Oregon),44.411,-121.774,1230,Basalt / Picro-Basalt,Subduction zone / Continental crust (>25 km)
322040,Sand Mountain Field,United States,Pyroclastic cone(s),Eruption Dated,-950,Canada and Western USA,USA (Oregon),44.38,-121.93,1664,Basalt / Picro-Basalt,Subduction zone / Continental crust (>25 km)
322060,Belknap,United States,Shield(s),Eruption Dated,480 CE,Canada and Western USA,USA (Oregon),44.285,-121.841,2095,Andesite / Basaltic Andesite,Subduction zone / Continental crust (>25 km)
322070,Three Sisters,United States,Complex,Eruption Dated,440 CE,Canada and Western USA,USA (Oregon),44.133,-121.767,3159,Andesite / Basaltic Andesite,Subduction zone / Continental crust (>25 km)
322090,Bachelor,United States,Stratovolcano,Eruption Dated,-5800,Canada and Western USA,USA (Oregon),43.979,-121.688,2763,Andesite / Basaltic Andesite,Subduction zone / Continental crust (>25 km)
322100,Davis Lake,United States,Volcanic field,Eruption Dated,-2790,Canada and Western USA,USA (Oregon),43.57,-121.82,2163,Andesite / Basaltic Andesite,Subduction zone / Continental crust (>25 km)
322110,Newberry,United States,Shield,Eruption Dated,690 CE,Canada and Western USA,USA (Oregon),43.722,-121.229,2434,Andesite / Basaltic Andesite,Subduction zone / Continental crust (>25 km)
322120,Devils Garden,United States,Volcanic field,Evidence Uncertain,Unknown,Canada and Western USA,USA (Oregon),43.512,-120.861,1698,Basalt / Picro-Basalt,Rift zone / Continental crust (>25 km)
322150,Cinnamon Butte,United States,Pyroclastic cone(s),Evidence Uncertain,Unknown,Canada and Western USA,USA (Oregon),43.241,-122.108,1956,Basalt / Picro-Basalt,Subduction zone / Continental crust (>25 km)
322160,Crater Lake,United States,Caldera,Eruption Dated,-2850,Canada and Western USA,USA (Oregon),42.93,-122.12,2487,Dacite,Subduction zone / Continental crust (>25 km)
322170,Diamond Craters,United States,Volcanic field,Eruption Dated,-5610,Canada and Western USA,USA (Oregon),43.1,-118.75,1435,Basalt / Picro-Basalt,Rift zone / Continental crust (>25 km)
322190,Jordan Craters,United States,Volcanic field,Eruption Dated,-1250,Canada and Western USA,USA (Oregon),43.147,-117.46,1473,Basalt / Picro-Basalt,Rift zone / Continental crust (>25 km)
323010,Shasta,United States,Stratovolcano,Eruption Observed,1250 CE,Canada and Western USA,USA (California),41.409,-122.193,4317,Andesite / Basaltic Andesite,Subduction zone / Continental crust (>25 km)
323020,Medicine Lake,United States,Shield,Eruption Dated,1060 CE,Canada and Western USA,USA (California),41.611,-121.554,2412,Basalt / Picro-Basalt,Subduction zone / Continental crust (>25 km)
323080,Lassen Volcanic Center,United States,Stratovolcano,Eruption Observed,1917 CE,Canada and Western USA,USA (California),40.492,-121.508,3187,Andesite / Basaltic Andesite,Subduction zone / Continental crust (>25 km)
323100,Clear Lake,United States,Volcanic field,Evidence Credible,Unknown,Canada and Western USA,USA (California),38.97,-122.77,1439,Dacite,Subduction zone / Continental crust (>25 km)
323110,Mono Lake Volcanic Field,United States,Pyroclastic cone(s),Eruption Dated,1790 CE,Canada and Western USA,USA (California),38,-119.03,2121,Dacite,Rift zone / Continental crust (>25 km)
323120,Mono-Inyo Craters,United States,Lava dome(s),Eruption Dated,1380 CE,Canada and Western USA,USA (California),37.804,-119.029,2796,Rhyolite,Rift zone / Continental crust (>25 km)
323150,Mammoth Mountain,United States,Lava dome(s),Eruption Dated,1260 CE,Canada and Western USA,USA (California),37.631,-119.032,3369,Trachyte / Trachydacite,Rift zone / Continental crust (>25 km)
323160,Ubehebe Craters,United States,Maar(s),Eruption Dated,-150,Canada and Western USA,USA (California),37.02,-117.45,752,Basalt / Picro-Basalt,Rift zone / Continental crust (>25 km)
323170,Golden Trout Creek,United States,Volcanic field,Eruption Dated,-5550,Canada and Western USA,USA (California),36.358,-118.32,2886,Basalt / Picro-Basalt,Rift zone / Continental crust (>25 km)
323200,Salton Buttes,United States,Lava dome(s),Eruption Dated,210 CE,Canada and Western USA,USA (California),33.197,-115.616,-40,Rhyolite,Rift zone / Continental crust (>25 km)
324010,Black Butte Crater Lava Field,United States,Shield,Eruption Dated,-8400,Canada and Western USA,USA (Idaho),43.183,-114.352,1478,Basalt / Picro-Basalt,Rift zone / Continental crust (>25 km)
324020,Craters of the Moon,United States,Pyroclastic cone(s),Eruption Dated,-130,Canada and Western USA,USA (Idaho),43.42,-113.5,2005,Basalt / Picro-Basalt,Rift zone / Continental crust (>25 km)
324030,Wapi Lava Field,United States,Shield,Eruption Dated,-300,Canada and Western USA,USA (Idaho),42.88,-113.22,1604,Basalt / Picro-Basalt,Rift zone / Continental crust (>25 km)
324040,Hell's Half Acre,United States,Shield,Eruption Dated,-3250,Canada and Western USA,USA (Idaho),43.5,-112.45,1631,Basalt / Picro-Basalt,Rift zone / Continental crust (>25 km)
325010,Yellowstone,United States,Caldera(s),Eruption Dated,-1350,Canada and Western USA,USA (Wyoming),44.43,-110.67,2805,Rhyolite,Rift zone / Continental crust (>25 km)
326010,Soda Lakes,United States,Maar(s),Evidence Credible,Unknown,Canada and Western USA,USA (Nevada),39.53,-118.87,1251,Basalt / Picro-Basalt,Rift zone / Continental crust (>25 km)
327040,Markagunt Plateau,United States,Volcanic field,Evidence Credible,1050 CE,Canada and Western USA,USA (Utah),37.58,-112.67,2840,Basalt / Picro-Basalt,Rift zone / Continental crust (>25 km)
327050,Black Rock Desert,United States,Volcanic field,Eruption Dated,1290 CE,Canada and Western USA,USA (Utah),38.97,-112.5,1800,Basalt / Picro-Basalt,Rift zone / Continental crust (>25 km)
327110,Carrizozo,United States,Pyroclastic cone(s),Eruption Dated,-3250,Canada and Western USA,USA (New Mexico),33.78,-105.93,1731,Basalt / Picro-Basalt,Rift zone / Continental crust (>25 km)
327120,Zuni-Bandera,United States,Volcanic field,Eruption Dated,-1170,Canada and Western USA,USA (New Mexico),34.8,-108,2550,Basalt / Picro-Basalt,Rift zone / Continental crust (>25 km)
327812,Red Hill,United States,Volcanic field,Eruption Dated,-9450,Canada and Western USA,USA (New Mexico),34.25,-108.83,2300,Basalt / Picro-Basalt,Rift zone / Continental crust (>25 km)
328010,Dotsero,United States,Maar,Eruption Dated,-2200,Canada and Western USA,USA (Colorado),39.661,-107.035,2230,Basalt / Picro-Basalt,Rift zone / Continental crust (>25 km)
329010,Uinkaret Field,United States,Volcanic field,Eruption Dated,1100 CE,Canada and Western USA,USA (Arizona),36.38,-113.13,1555,Trachybasalt / Tephrite Basanite,Rift zone / Continental crust (>25 km)
329020,San Francisco Volcanic Field,United States,Pyroclastic cone,Eruption Dated,1075 CE,Canada and Western USA,USA (Arizona),35.347,-111.678,3850,Basalt / Picro-Basalt,Rift zone / Continental crust (>25 km)
,,,,,,,,,,,,
,,,,,,,,,,,,
,,,,,,,,,,,,
,,,,,,,,,,,,
,,,,,,,,,,,,
,,,,,,,,,,,,
,,,,,,,,,,,,
,,,,,,,,,,,,
,,,,,,,,,,,,
,,,,,,,,,,,,
,,,,,,,,,,,,
,,,,,,,,,,,,
,,,,,,,,,,,,
,,,,,,,,,,,,
,,,,,,,,,,,,
,,,,,,,,,,,,
,,,,,,,,,,,,
,,,,,,,,,,,,
,,,,,,,,,,,,
,,,,,,,,,,,,
,,,,,,,,,,,,
,,,,,,,,,,,,
,,,,,,,,,,,,
,,,,,,,,,,,,
,,,,,,,,,,,,
,,,,,,,,,,,,
,,,,,,,,,,,,
,,,,,,,,,,,,
,,,,,,,,,,,,
,,,,,,,,,,,,
,,,,,,,,,,,,
,,,,,,,,,,,,
,,,,,,,,,,,,
,,,,,,,,,,,,
,,,,,,,,,,,,
,,,,,,,,,,,,
,,,,,,,,,,,,
,,,,,,,,,,,,
,,,,,,,,,,,,
,,,,,,,,,,,,
,,,,,,,,,,,,
,,,,,,,,,,,,
,,,,,,,,,,,,
,,,,,,,,,,,,
,,,,,,,,,,,,
,,,,,,,,,,,,
,,,,,,,,,,,,
,,,,,,,,,,,,
,,,,,,,,,,,,
,,,,,,,,,,,,
,,,,,,,,,,,,
,,,,,,,,,,,,
,,,,,,,,,,,,
,,,,,,,,,,,,
,,,,,,,,,,,,
,,,,,,,,,,,,
,,,,,,,,,,,,
,,,,,,,,,,,,
,,,,,,,,,,,,
,,,,,,,,,,,,
,,,,,,,,,,,,
,,,,,,,,,,,,
,,,,,,,,,,,,
,,,,,,,,,,,,
,,,,,,,,,,,,
,,,,,,,,,,,,
,,,,,,,,,,,,
,,,,,,,,,,,,
,,,,,,,,,,,,
,,,,,,,,,,,,
,,,,,,,,,,,,
,,,,,,,,,,,,
,,,,,,,,,,,,
,,,,,,,,,,,,
,,,,,,,,,,,,
,,,,,,,,,,,,
,,,,,,,,,,,,
,,,,,,,,,,,,
,,,,,,,,,,,,
,,,,,,,,,,,,
,,,,,,,,,,,,
,,,,,,,,,,,,
,,,,,,,,,,,,
,,,,,,,,,,,,
,,,,,,,,,,,,
,,,,,,,,,,,,
,,,,,,,,,,,,
,,,,,,,,,,,,
,,,,,,,,,,,,
,,,,,,,,,,,,
,,,,,,,,,,,,
,,,,,,,,,,,,
,,,,,,,,,,,,
,,,,,,,,,,,,
,,,,,,,,,,,,
,,,,,,,,,,,,
,,,,,,,,,,,,
,,,,,,,,,,,,
,,,,,,,,,,,,
,,,,,,,,,,,,
,,,,,,,,,,,,
,,,,,,,,,,,,
,,,,,,,,,,,,
,,,,,,,,,,,,
,,,,,,,,,,,,
,,,,,,,,,,,,
,,,,,,,,,,,,
,,,,,,,,,,,,
,,,,,,,,,,,,
,,,,,,,,,,,,
,,,,,,,,,,,,
,,,,,,,,,,,,
,,,,,,,,,,,,
,,,,,,,,,,,,
,,,,,,,,,,,,
,,,,,,,,,,,,
,,,,,,,,,,,,
,,,,,,,,,,,,
,,,,,,,,,,,,
,,,,,,,,,,,,
,,,,,,,,,,,,
,,,,,,,,,,,,
,,,,,,,,,,,,
,,,,,,,,,,,,
,,,,,,,,,,,,
,,,,,,,,,,,,
,,,,,,,,,,,,
,,,,,,,,,,,,
,,,,,,,,,,,,
,,,,,,,,,,,,
,,,,,,,,,,,,
,,,,,,,,,,,,
,,,,,,,,,,,,
,,,,,,,,,,,,
,,,,,,,,,,,,
,,,,,,,,,,,,
,,,,,,,,,,,,
,,,,,,,,,,,,
,,,,,,,,,,,,
,,,,,,,,,,,,
,,,,,,,,,,,,
,,,,,,,,,,,,
,,,,,,,,,,,,
,,,,,,,,,,,,
,,,,,,,,,,,,
,,,,,,,,,,,,
,,,,,,,,,,,,
,,,,,,,,,,,,
,,,,,,,,,,,,
,,,,,,,,,,,,
,,,,,,,,,,,,
,,,,,,,,,,,,
,,,,,,,,,,,,
,,,,,,,,,,,,
,,,,,,,,,,,,
,,,,,,,,,,,,
,,,,,,,,,,,,
,,,,,,,,,,,,
,,,,,,,,,,,,
,,,,,,,,,,,,
,,,,,,,,,,,,
,,,,,,,,,,,,
,,,,,,,,,,,,
,,,,,,,,,,,,
,,,,,,,,,,,,
,,,,,,,,,,,,
,,,,,,,,,,,,
,,,,,,,,,,,,
,,,,,,,,,,,,
,,,,,,,,,,,,
,,,,,,,,,,,,
,,,,,,,,,,,,
,,,,,,,,,,,,
,,,,,,,,,,,,
,,,,,,,,,,,,
,,,,,,,,,,,,
,,,,,,,,,,,,
,,,,,,,,,,,,
,,,,,,,,,,,,
,,,,,,,,,,,,
,,,,,,,,,,,,
,,,,,,,,,,,,
,,,,,,,,,,,,
,,,,,,,,,,,,
,,,,,,,,,,,,
,,,,,,,,,,,,
,,,,,,,,,,,,
,,,,,,,,,,,,
,,,,,,,,,,,,
,,,,,,,,,,,,
,,,,,,,,,,,,
,,,,,,,,,,,,
,,,,,,,,,,,,
,,,,,,,,,,,,
,,,,,,,,,,,,
,,,,,,,,,,,,
,,,,,,,,,,,,
,,,,,,,,,,,,
,,,,,,,,,,,,
,,,,,,,,,,,,
,,,,,,,,,,,,
,,,,,,,,,,,,
,,,,,,,,,,,,
,,,,,,,,,,,,
,,,,,,,,,,,,
,,,,,,,,,,,,
,,,,,,,,,,,,
,,,,,,,,,,,,
,,,,,,,,,,,,
,,,,,,,,,,,,
,,,,,,,,,,,,
,,,,,,,,,,,,
,,,,,,,,,,,,
,,,,,,,,,,,,
,,,,,,,,,,,,
,,,,,,,,,,,,
,,,,,,,,,,,,
,,,,,,,,,,,,
,,,,,,,,,,,,
,,,,,,,,,,,,
,,,,,,,,,,,,
,,,,,,,,,,,,
,,,,,,,,,,,,
,,,,,,,,,,,,
,,,,,,,,,,,,
,,,,,,,,,,,,
,,,,,,,,,,,,
,,,,,,,,,,,,
,,,,,,,,,,,,
,,,,,,,,,,,,
,,,,,,,,,,,,
,,,,,,,,,,,,
,,,,,,,,,,,,
,,,,,,,,,,,,
,,,,,,,,,,,,
,,,,,,,,,,,,
,,,,,,,,,,,,
,,,,,,,,,,,,
,,,,,,,,,,,,
,,,,,,,,,,,,
,,,,,,,,,,,,
,,,,,,,,,,,,
,,,,,,,,,,,,
,,,,,,,,,,,,
,,,,,,,,,,,,
,,,,,,,,,,,,
,,,,,,,,,,,,
,,,,,,,,,,,,
,,,,,,,,,,,,
,,,,,,,,,,,,
,,,,,,,,,,,,
,,,,,,,,,,,,
,,,,,,,,,,,,
,,,,,,,,,,,,
,,,,,,,,,,,,
,,,,,,,,,,,,
,,,,,,,,,,,,
,,,,,,,,,,,,
,,,,,,,,,,,,
,,,,,,,,,,,,
,,,,,,,,,,,,
,,,,,,,,,,,,
,,,,,,,,,,,,
,,,,,,,,,,,,
,,,,,,,,,,,,
,,,,,,,,,,,,
,,,,,,,,,,,,
,,,,,,,,,,,,
,,,,,,,,,,,,
,,,,,,,,,,,,
,,,,,,,,,,,,
,,,,,,,,,,,,
,,,,,,,,,,,,
,,,,,,,,,,,,
,,,,,,,,,,,,
,,,,,,,,,,,,
,,,,,,,,,,,,
,,,,,,,,,,,,
,,,,,,,,,,,,
,,,,,,,,,,,,
,,,,,,,,,,,,
,,,,,,,,,,,,
,,,,,,,,,,,,
,,,,,,,,,,,,
,,,,,,,,,,,,
,,,,,,,,,,,,
,,,,,,,,,,,,
,,,,,,,,,,,,
,,,,,,,,,,,,
,,,,,,,,,,,,
,,,,,,,,,,,,
,,,,,,,,,,,,
,,,,,,,,,,,,
,,,,,,,,,,,,
,,,,,,,,,,,,
,,,,,,,,,,,,
,,,,,,,,,,,,
,,,,,,,,,,,,
,,,,,,,,,,,,
,,,,,,,,,,,,
,,,,,,,,,,,,
,,,,,,,,,,,,
,,,,,,,,,,,,
,,,,,,,,,,,,
,,,,,,,,,,,,
,,,,,,,,,,,,
,,,,,,,,,,,,
,,,,,,,,,,,,
,,,,,,,,,,,,
,,,,,,,,,,,,
,,,,,,,,,,,,
,,,,,,,,,,,,
,,,,,,,,,,,,
,,,,,,,,,,,,
,,,,,,,,,,,,
,,,,,,,,,,,,
,,,,,,,,,,,,
,,,,,,,,,,,,
,,,,,,,,,,,,
,,,,,,,,,,,,
,,,,,,,,,,,,
,,,,,,,,,,,,
,,,,,,,,,,,,
,,,,,,,,,,,,
,,,,,,,,,,,,
,,,,,,,,,,,,
,,,,,,,,,,,,
,,,,,,,,,,,,
,,,,,,,,,,,,
,,,,,,,,,,,,
,,,,,,,,,,,,
,,,,,,,,,,,,
,,,,,,,,,,,,
,,,,,,,,,,,,
,,,,,,,,,,,,
,,,,,,,,,,,,
,,,,,,,,,,,,
,,,,,,,,,,,,
,,,,,,,,,,,,
,,,,,,,,,,,,
,,,,,,,,,,,,
,,,,,,,,,,,,
,,,,,,,,,,,,
,,,,,,,,,,,,
,,,,,,,,,,,,
,,,,,,,,,,,,
,,,,,,,,,,,,
,,,,,,,,,,,,
,,,,,,,,,,,,
,,,,,,,,,,,,
,,,,,,,,,,,,
,,,,,,,,,,,,
,,,,,,,,,,,,
,,,,,,,,,,,,
,,,,,,,,,,,,
,,,,,,,,,,,,
,,,,,,,,,,,,
,,,,,,,,,,,,
,,,,,,,,,,,,
,,,,,,,,,,,,
,,,,,,,,,,,,
,,,,,,,,,,,,
,,,,,,,,,,,,
,,,,,,,,,,,,
,,,,,,,,,,,,
,,,,,,,,,,,,
,,,,,,,,,,,,
,,,,,,,,,,,,
,,,,,,,,,,,,
,,,,,,,,,,,,
,,,,,,,,,,,,
,,,,,,,,,,,,
,,,,,,,,,,,,
,,,,,,,,,,,,
,,,,,,,,,,,,
,,,,,,,,,,,,
,,,,,,,,,,,,
,,,,,,,,,,,,
,,,,,,,,,,,,
,,,,,,,,,,,,
,,,,,,,,,,,,
,,,,,,,,,,,,
,,,,,,,,,,,,
,,,,,,,,,,,,
,,,,,,,,,,,,
,,,,,,,,,,,,
,,,,,,,,,,,,
,,,,,,,,,,,,
,,,,,,,,,,,,
,,,,,,,,,,,,
,,,,,,,,,,,,
,,,,,,,,,,,,
,,,,,,,,,,,,
,,,,,,,,,,,,
,,,,,,,,,,,,
,,,,,,,,,,,,
,,,,,,,,,,,,
,,,,,,,,,,,,
,,,,,,,,,,,,
,,,,,,,,,,,,
,,,,,,,,,,,,
,,,,,,,,,,,,
,,,,,,,,,,,,
,,,,,,,,,,,,
,,,,,,,,,,,,
,,,,,,,,,,,,
,,,,,,,,,,,,
,,,,,,,,,,,,
,,,,,,,,,,,,
,,,,,,,,,,,,
,,,,,,,,,,,,
,,,,,,,,,,,,
,,,,,,,,,,,,
,,,,,,,,,,,,
,,,,,,,,,,,,
,,,,,,,,,,,,
,,,,,,,,,,,,
,,,,,,,,,,,,
,,,,,,,,,,,,
,,,,,,,,,,,,
,,,,,,,,,,,,
,,,,,,,,,,,,
,,,,,,,,,,,,
,,,,,,,,,,,,
,,,,,,,,,,,,
,,,,,,,,,,,,
,,,,,,,,,,,,
,,,,,,,,,,,,
,,,,,,,,,,,,
,,,,,,,,,,,,
,,,,,,,,,,,,
,,,,,,,,,,,,
,,,,,,,,,,,,
,,,,,,,,,,,,
,,,,,,,,,,,,
,,,,,,,,,,,,
,,,,,,,,,,,,
,,,,,,,,,,,,
,,,,,,,,,,,,
,,,,,,,,,,,,
,,,,,,,,,,,,
,,,,,,,,,,,,
,,,,,,,,,,,,
,,,,,,,,,,,,
,,,,,,,,,,,,
,,,,,,,,,,,,
,,,,,,,,,,,,
,,,,,,,,,,,,
,,,,,,,,,,,,
,,,,,,,,,,,,
,,,,,,,,,,,,
,,,,,,,,,,,,
,,,,,,,,,,,,
,,,,,,,,,,,,
,,,,,,,,,,,,
,,,,,,,,,,,,
,,,,,,,,,,,,
,,,,,,,,,,,,
,,,,,,,,,,,,
,,,,,,,,,,,,
,,,,,,,,,,,,
,,,,,,,,,,,,
,,,,,,,,,,,,
,,,,,,,,,,,,
,,,,,,,,,,,,
,,,,,,,,,,,,
,,,,,,,,,,,,
,,,,,,,,,,,,
,,,,,,,,,,,,
,,,,,,,,,,,,
,,,,,,,,,,,,
,,,,,,,,,,,,
,,,,,,,,,,,,
,,,,,,,,,,,,
,,,,,,,,,,,,
,,,,,,,,,,,,
,,,,,,,,,,,,
,,,,,,,,,,,,
,,,,,,,,,,,,
,,,,,,,,,,,,
,,,,,,,,,,,,
,,,,,,,,,,,,
,,,,,,,,,,,,
,,,,,,,,,,,,
,,,,,,,,,,,,
,,,,,,,,,,,,
,,,,,,,,,,,,
,,,,,,,,,,,,
,,,,,,,,,,,,
,,,,,,,,,,,,
,,,,,,,,,,,,
,,,,,,,,,,,,
,,,,,,,,,,,,
,,,,,,,,,,,,
,,,,,,,,,,,,
,,,,,,,,,,,,
,,,,,,,,,,,,
,,,,,,,,,,,,
,,,,,,,,,,,,
,,,,,,,,,,,,
,,,,,,,,,,,,
,,,,,,,,,,,,
,,,,,,,,,,,,
,,,,,,,,,,,,
,,,,,,,,,,,,
,,,,,,,,,,,,
,,,,,,,,,,,,
,,,,,,,,,,,,
,,,,,,,,,,,,
,,,,,,,,,,,,
,,,,,,,,,,,,
,,,,,,,,,,,,
,,,,,,,,,,,,
,,,,,,,,,,,,
,,,,,,,,,,,,
,,,,,,,,,,,,
,,,,,,,,,,,,
,,,,,,,,,,,,
,,,,,,,,,,,,
,,,,,,,,,,,,
,,,,,,,,,,,,
,,,,,,,,,,,,
,,,,,,,,,,,,
,,,,,,,,,,,,
,,,,,,,,,,,,
,,,,,,,,,,,,
,,,,,,,,,,,,
,,,,,,,,,,,,
,,,,,,,,,,,,
,,,,,,,,,,,,
,,,,,,,,,,,,
,,,,,,,,,,,,
,,,,,,,,,,,,
,,,,,,,,,,,,
,,,,,,,,,,,,
,,,,,,,,,,,,
,,,,,,,,,,,,
,,,,,,,,,,,,
,,,,,,,,,,,,
,,,,,,,,,,,,
,,,,,,,,,,,,
,,,,,,,,,,,,
,,,,,,,,,,,,
,,,,,,,,,,,,
,,,,,,,,,,,,
,,,,,,,,,,,,
,,,,,,,,,,,,
,,,,,,,,,,,,
,,,,,,,,,,,,
,,,,,,,,,,,,
,,,,,,,,,,,,
,,,,,,,,,,,,
,,,,,,,,,,,,
,,,,,,,,,,,,
,,,,,,,,,,,,
,,,,,,,,,,,,
,,,,,,,,,,,,
,,,,,,,,,,,,
,,,,,,,,,,,,
,,,,,,,,,,,,
,,,,,,,,,,,,
,,,,,,,,,,,,
,,,,,,,,,,,,
,,,,,,,,,,,,
,,,,,,,,,,,,
,,,,,,,,,,,,
,,,,,,,,,,,,
,,,,,,,,,,,,
,,,,,,,,,,,,
,,,,,,,,,,,,
,,,,,,,,,,,,
,,,,,,,,,,,,
,,,,,,,,,,,,
,,,,,,,,,,,,
,,,,,,,,,,,,
,,,,,,,,,,,,
,,,,,,,,,,,,
,,,,,,,,,,,,
,,,,,,,,,,,,
,,,,,,,,,,,,
,,,,,,,,,,,,
,,,,,,,,,,,,
,,,,,,,,,,,,
,,,,,,,,,,,,
,,,,,,,,,,,,
,,,,,,,,,,,,
,,,,,,,,,,,,
,,,,,,,,,,,,
,,,,,,,,,,,,
,,,,,,,,,,,,
,,,,,,,,,,,,
,,,,,,,,,,,,
,,,,,,,,,,,,
,,,,,,,,,,,,
,,,,,,,,,,,,
,,,,,,,,,,,,
,,,,,,,,,,,,
,,,,,,,,,,,,
,,,,,,,,,,,,
,,,,,,,,,,,,
,,,,,,,,,,,,
,,,,,,,,,,,,
,,,,,,,,,,,,
,,,,,,,,,,,,
,,,,,,,,,,,,
,,,,,,,,,,,,
,,,,,,,,,,,,
,,,,,,,,,,,,
,,,,,,,,,,,,
,,,,,,,,,,,,
,,,,,,,,,,,,
,,,,,,,,,,,,
,,,,,,,,,,,,
,,,,,,,,,,,,
,,,,,,,,,,,,
,,,,,,,,,,,,
,,,,,,,,,,,,
,,,,,,,,,,,,
,,,,,,,,,,,,
,,,,,,,,,,,,
,,,,,,,,,,,,
,,,,,,,,,,,,
,,,,,,,,,,,,
,,,,,,,,,,,,
,,,,,,,,,,,,
,,,,,,,,,,,,
,,,,,,,,,,,,
,,,,,,,,,,,,
,,,,,,,,,,,,
,,,,,,,,,,,,
,,,,,,,,,,,,
,,,,,,,,,,,,
,,,,,,,,,,,,
,,,,,,,,,,,,
,,,,,,,,,,,,
,,,,,,,,,,,,
,,,,,,,,,,,,
,,,,,,,,,,,,
,,,,,,,,,,,,
,,,,,,,,,,,,
,,,,,,,,,,,,
,,,,,,,,,,,,
,,,,,,,,,,,,
,,,,,,,,,,,,
,,,,,,,,,,,,
,,,,,,,,,,,,
,,,,,,,,,,,,
,,,,,,,,,,,,
,,,,,,,,,,,,
,,,,,,,,,,,,
,,,,,,,,,,,,
,,,,,,,,,,,,
,,,,,,,,,,,,
,,,,,,,,,,,,
,,,,,,,,,,,,
,,,,,,,,,,,,
,,,,,,,,,,,,
,,,,,,,,,,,,
,,,,,,,,,,,,
,,,,,,,,,,,,
,,,,,,,,,,,,
,,,,,,,,,,,,
,,,,,,,,,,,,
,,,,,,,,,,,,
,,,,,,,,,,,,
,,,,,,,,,,,,
,,,,,,,,,,,,
,,,,,,,,,,,,
,,,,,,,,,,,,
,,,,,,,,,,,,
,,,,,,,,,,,,
,,,,,,,,,,,,
,,,,,,,,,,,,
,,,,,,,,,,,,
,,,,,,,,,,,,
,,,,,,,,,,,,
,,,,,,,,,,,,
,,,,,,,,,,,,
,,,,,,,,,,,,
,,,,,,,,,,,,
,,,,,,,,,,,,
,,,,,,,,,,,,
,,,,,,,,,,,,
,,,,,,,,,,,,
,,,,,,,,,,,,
,,,,,,,,,,,,
,,,,,,,,,,,,
,,,,,,,,,,,,
,,,,,,,,,,,,
,,,,,,,,,,,,
,,,,,,,,,,,,
,,,,,,,,,,,,
,,,,,,,,,,,,
,,,,,,,,,,,,
,,,,,,,,,,,,
,,,,,,,,,,,,
,,,,,,,,,,,,
,,,,,,,,,,,,
,,,,,,,,,,,,
,,,,,,,,,,,,
,,,,,,,,,,,,
,,,,,,,,,,,,
,,,,,,,,,,,,
,,,,,,,,,,,,
,,,,,,,,,,,,
,,,,,,,,,,,,
,,,,,,,,,,,,
,,,,,,,,,,,,
,,,,,,,,,,,,
,,,,,,,,,,,,
,,,,,,,,,,,,
,,,,,,,,,,,,
,,,,,,,,,,,,
,,,,,,,,,,,,
,,,,,,,,,,,,
,,,,,,,,,,,,
,,,,,,,,,,,,
,,,,,,,,,,,,
,,,,,,,,,,,,
,,,,,,,,,,,,
,,,,,,,,,,,,
,,,,,,,,,,,,
,,,,,,,,,,,,
,,,,,,,,,,,,
,,,,,,,,,,,,
,,,,,,,,,,,,
,,,,,,,,,,,,
,,,,,,,,,,,,
,,,,,,,,,,,,
,,,,,,,,,,,,
,,,,,,,,,,,,
,,,,,,,,,,,,
,,,,,,,,,,,,
,,,,,,,,,,,,
,,,,,,,,,,,,
,,,,,,,,,,,,
,,,,,,,,,,,,
,,,,,,,,,,,,
,,,,,,,,,,,,
,,,,,,,,,,,,
,,,,,,,,,,,,
,,,,,,,,,,,,
,,,,,,,,,,,,
,,,,,,,,,,,,
,,,,,,,,,,,,
,,,,,,,,,,,,
,,,,,,,,,,,,
,,,,,,,,,,,,
320010,,,,,,,,,,,,
320020,,,,,,,,,,,,
320030,,,,,,,,,,,,
320031,,,,,,,,,,,,
320040,,,,,,,,,,,,
320050,,,,,,,,,,,,
320060,,,,,,,,,,,,
320070,,,,,,,,,,,,
320080,,,,,,,,,,,,
320090,,,,,,,,,,,,
320100,,,,,,,,,,,,
320110,,,,,,,,,,,,
320120,,,,,,,,,,,,
320140,,,,,,,,,,,,
320150,,,,,,,,,,,,
320160,,,,,,,,,,,,
320170,,,,,,,,,,,,
320180,,,,,,,,,,,,
320190,,,,,,,,,,,,
320200,,,,,,,,,,,,
320811,,,,,,,,,,,,
,,,,,,,,,,,,
,,,,,,,,,,,,
,,,,,,,,,,,,
,,,,,,,,,,,,
,,,,,,,,,,,,
,,,,,,,,,,,,
,,,,,,,,,,,,
,,,,,,,,,,,,
,,,,,,,,,,,,
,,,,,,,,,,,,
,,,,,,,,,,,,
,,,,,,,,,,,,
,,,,,,,,,,,,
,,,,,,,,,,,,
,,,,,,,,,,,,
,,,,,,,,,,,,
,,,,,,,,,,,,
,,,,,,,,,,,,
,,,,,,,,,,,,
,,,,,,,,,,,,
,,,,,,,,,,,,
,,,,,,,,,,,,
,,,,,,,,,,,,
,,,,,,,,,,,,
,,,,,,,,,,,,
,,,,,,,,,,,,
,,,,,,,,,,,,
,,,,,,,,,,,,
,,,,,,,,,,,,
,,,,,,,,,,,,
,,,,,,,,,,,,
,,,,,,,,,,,,
,,,,,,,,,,,,
,,,,,,,,,,,,
,,,,,,,,,,,,
,,,,,,,,,,,,
,,,,,,,,,,,,
,,,,,,,,,,,,
,,,,,,,,,,,,
,,,,,,,,,,,,
,,,,,,,,,,,,
,,,,,,,,,,,,
,,,,,,,,,,,,
,,,,,,,,,,,,
,,,,,,,,,,,,
331005,,,,,,,,,,,,
331010,,,,,,,,,,,,
331011,,,,,,,,,,,,
331020,,,,,,,,,,,,
331021,,,,,,,,,,,,
331030,,,,,,,,,,,,
331031,,,,,,,,,,,,
331032,,,,,,,,,,,,
331040,,,,,,,,,,,,
331060,,,,,,,,,,,,
,,,,,,,,,,,,
,,,,,,,,,,,,
,,,,,,,,,,,,
,,,,,,,,,,,,
,,,,,,,,,,,,
,,,,,,,,,,,,
333010,,,,,,,,,,,,
333020,,,,,,,,,,,,
333030,,,,,,,,,,,,
333040,,,,,,,,,,,,
333050,,,,,,,,,,,,
333060,,,,,,,,,,,,
334020,,,,,,,,,,,,
334021,,,,,,,,,,,,
334040,,,,,,,,,,,,
334050,,,,,,,,,,,,
334070,,,,,,,,,,,,
334100,,,,,,,,,,,,
334120,,,,,,,,,,,,
334130,,,,,,,,,,,,
334140,,,,,,,,,,,,
335020,,,,,,,,,,,,
335030,,,,,,,,,,,,
341000,,,,,,,,,,,,
341001,,,,,,,,,,,,
341002,,,,,,,,,,,,
341003,,,,,,,,,,,,
341004,,,,,,,,,,,,
341005,,,,,,,,,,,,
341006,,,,,,,,,,,,
341007,,,,,,,,,,,,
341011,,,,,,,,,,,,
341012,,,,,,,,,,,,
341020,,,,,,,,,,,,
341021,,,,,,,,,,,,
341022,,,,,,,,,,,,
341023,,,,,,,,,,,,
341024,,,,,,,,,,,,
341030,,,,,,,,,,,,
341031,,,,,,,,,,,,
341040,,,,,,,,,,,,
341060,,,,,,,,,,,,
341061,,,,,,,,,,,,
341062,,,,,,,,,,,,
341070,,,,,,,,,,,,
341080,,,,,,,,,,,,
341081,,,,,,,,,,,,
341082,,,,,,,,,,,,
341090,,,,,,,,,,,,
341091,,,,,,,,,,,,
341092,,,,,,,,,,,,
341093,,,,,,,,,,,,
341094,,,,,,,,,,,,
341095,,,,,,,,,,,,
341096,,,,,,,,,,,,
341097,,,,,,,,,,,,
341098,,,,,,,,,,,,
341100,,,,,,,,,,,,
341110,,,,,,,,,,,,
341120,,,,,,,,,,,,
341130,,,,,,,,,,,,
342020,,,,,,,,,,,,
342030,,,,,,,,,,,,
342040,,,,,,,,,,,,
342060,,,,,,,,,,,,
342070,,,,,,,,,,,,
342080,,,,,,,,,,,,
342090,,,,,,,,,,,,
342100,,,,,,,,,,,,
342110,,,,,,,,,,,,
342111,,,,,,,,,,,,
342120,,,,,,,,,,,,
342121,,,,,,,,,,,,
342130,,,,,,,,,,,,
342140,,,,,,,,,,,,
342141,,,,,,,,,,,,
342150,,,,,,,,,,,,
342160,,,,,,,,,,,,
342170,,,,,,,,,,,,
342180,,,,,,,,,,,,
342190,,,,,,,,,,,,
342200,,,,,,,,,,,,
342210,,,,,,,,,,,,
343001,,,,,,,,,,,,
343002,,,,,,,,,,,,
343010,,,,,,,,,,,,
343020,,,,,,,,,,,,
343030,,,,,,,,,,,,
343041,,,,,,,,,,,,
343050,,,,,,,,,,,,
343051,,,,,,,,,,,,
343052,,,,,,,,,,,,
343060,,,,,,,,,,,,
343070,,,,,,,,,,,,
343071,,,,,,,,,,,,
343072,,,,,,,,,,,,
343080,,,,,,,,,,,,
343081,,,,,,,,,,,,
343082,,,,,,,,,,,,
343090,,,,,,,,,,,,
343100,,,,,,,,,,,,
343101,,,,,,,,,,,,
343130,,,,,,,,,,,,
343140,,,,,,,,,,,,
343150,,,,,,,,,,,,
343160,,,,,,,,,,,,
344010,,,,,,,,,,,,
344020,,,,,,,,,,,,
344040,,,,,,,,,,,,
344060,,,,,,,,,,,,
344070,,,,,,,,,,,,
344080,,,,,,,,,,,,
344090,,,,,,,,,,,,
344091,,,,,,,,,,,,
344092,,,,,,,,,,,,
344100,,,,,,,,,,,,
344101,,,,,,,,,,,,
344110,,,,,,,,,,,,
344111,,,,,,,,,,,,
344120,,,,,,,,,,,,
344131,,,,,,,,,,,,
344132,,,,,,,,,,,,
344133,,,,,,,,,,,,
345010,,,,,,,,,,,,
345020,,,,,,,,,,,,
345030,,,,,,,,,,,,
345031,,,,,,,,,,,,
345033,,,,,,,,,,,,
345034,,,,,,,,,,,,
345040,,,,,,,,,,,,
345050,,,,,,,,,,,,
345060,,,,,,,,,,,,
345070,,,,,,,,,,,,
346010,,,,,,,,,,,,
346030,,,,,,,,,,,,
351011,,,,,,,,,,,,
351012,,,,,,,,,,,,
351020,,,,,,,,,,,,
351021,,,,,,,,,,,,
351030,,,,,,,,,,,,
351040,,,,,,,,,,,,
351050,,,,,,,,,,,,
351060,,,,,,,,,,,,
351061,,,,,,,,,,,,
351062,,,,,,,,,,,,
351070,,,,,,,,,,,,
351080,,,,,,,,,,,,
351090,,,,,,,,,,,,
351100,,,,,,,,,,,,
351110,,,,,,,,,,,,
352001,,,,,,,,,,,,
352002,,,,,,,,,,,,
352003,,,,,,,,,,,,
352004,,,,,,,,,,,,
352005,,,,,,,,,,,,
352006,,,,,,,,,,,,
352010,,,,,,,,,,,,
352011,,,,,,,,,,,,
352020,,,,,,,,,,,,
352021,,,,,,,,,,,,
352022,,,,,,,,,,,,
352030,,,,,,,,,,,,
352031,,,,,,,,,,,,
352040,,,,,,,,,,,,
352041,,,,,,,,,,,,
352050,,,,,,,,,,,,
352060,,,,,,,,,,,,
352071,,,,,,,,,,,,
352080,,,,,,,,,,,,
352081,,,,,,,,,,,,
352090,,,,,,,,,,,,
353010,,,,,,,,,,,,
353011,,,,,,,,,,,,
353020,,,,,,,,,,,,
353030,,,,,,,,,,,,
353040,,,,,,,,,,,,
353050,,,,,,,,,,,,
353060,,,,,,,,,,,,
353070,,,,,,,,,,,,
353080,,,,,,,,,,,,
353081,,,,,,,,,,,,
353090,,,,,,,,,,,,
353091,,,,,,,,,,,,
353120,,,,,,,,,,,,
354000,,,,,,,,,,,,
354001,,,,,,,,,,,,
354002,,,,,,,,,,,,
354003,,,,,,,,,,,,
354004,,,,,,,,,,,,
354005,,,,,,,,,,,,
354006,,,,,,,,,,,,
354007,,,,,,,,,,,,
354008,,,,,,,,,,,,
354010,,,,,,,,,,,,
354020,,,,,,,,,,,,
354030,,,,,,,,,,,,
354031,,,,,,,,,,,,
354040,,,,,,,,,,,,
354050,,,,,,,,,,,,
354060,,,,,,,,,,,,
355010,,,,,,,,,,,,
355011,,,,,,,,,,,,
355012,,,,,,,,,,,,
355020,,,,,,,,,,,,
355021,,,,,,,,,,,,
355030,,,,,,,,,,,,
355032,,,,,,,,,,,,
355035,,,,,,,,,,,,
355036,,,,,,,,,,,,
355040,,,,,,,,,,,,
355042,,,,,,,,,,,,
355050,,,,,,,,,,,,
355061,,,,,,,,,,,,
355070,,,,,,,,,,,,
355090,,,,,,,,,,,,
355091,,,,,,,,,,,,
355092,,,,,,,,,,,,
355093,,,,,,,,,,,,
355094,,,,,,,,,,,,
355095,,,,,,,,,,,,
355096,,,,,,,,,,,,
355097,,,,,,,,,,,,
355098,,,,,,,,,,,,
355100,,,,,,,,,,,,
355101,,,,,,,,,,,,
355102,,,,,,,,,,,,
355103,,,,,,,,,,,,
355104,,,,,,,,,,,,
355105,,,,,,,,,,,,
355106,,,,,,,,,,,,
355107,,,,,,,,,,,,
355108,,,,,,,,,,,,
355109,,,,,,,,,,,,
355110,,,,,,,,,,,,
355112,,,,,,,,,,,,
355120,,,,,,,,,,,,
355121,,,,,,,,,,,,
355122,,,,,,,,,,,,
355123,,,,,,,,,,,,
355124,,,,,,,,,,,,
355125,,,,,,,,,,,,
355130,,,,,,,,,,,,
355131,,,,,,,,,,,,
355150,,,,,,,,,,,,
355160,,,,,,,,,,,,
355161,,,,,,,,,,,,
355180,,,,,,,,,,,,
355190,,,,,,,,,,,,
355200,,,,,,,,,,,,
355210,,,,,,,,,,,,
355220,,,,,,,,,,,,
356011,,,,,,,,,,,,
357010,,,,,,,,,,,,
357020,,,,,,,,,,,,
357021,,,,,,,,,,,,
357022,,,,,,,,,,,,
357023,,,,,,,,,,,,
357024,,,,,,,,,,,,
357030,,,,,,,,,,,,
357040,,,,,,,,,,,,
357041,,,,,,,,,,,,
357042,,,,,,,,,,,,
357050,,,,,,,,,,,,
357060,,,,,,,,,,,,
357061,,,,,,,,,,,,
357062,,,,,,,,,,,,
357063,,,,,,,,,,,,
357064,,,,,,,,,,,,
357065,,,,,,,,,,,,
357066,,,,,,,,,,,,
357067,,,,,,,,,,,,
357070,,,,,,,,,,,,
357072,,,,,,,,,,,,
357080,,,,,,,,,,,,
357081,,,,,,,,,,,,
357090,,,,,,,,,,,,
357091,,,,,,,,,,,,
357092,,,,,,,,,,,,
357093,,,,,,,,,,,,
357100,,,,,,,,,,,,
357101,,,,,,,,,,,,
357102,,,,,,,,,,,,
357110,,,,,,,,,,,,
357111,,,,,,,,,,,,
357112,,,,,,,,,,,,
357120,,,,,,,,,,,,
357121,,,,,,,,,,,,
357122,,,,,,,,,,,,
357123,,,,,,,,,,,,
357130,,,,,,,,,,,,
357140,,,,,,,,,,,,
357150,,,,,,,,,,,,
357153,,,,,,,,,,,,
357160,,,,,,,,,,,,
358010,,,,,,,,,,,,
358011,,,,,,,,,,,,
358012,,,,,,,,,,,,
358020,,,,,,,,,,,,
358022,,,,,,,,,,,,
358023,,,,,,,,,,,,
358024,,,,,,,,,,,,
358025,,,,,,,,,,,,
358030,,,,,,,,,,,,
358040,,,,,,,,,,,,
358041,,,,,,,,,,,,
358049,,,,,,,,,,,,
358050,,,,,,,,,,,,
358052,,,,,,,,,,,,
358053,,,,,,,,,,,,
358054,,,,,,,,,,,,
358055,,,,,,,,,,,,
358056,,,,,,,,,,,,
358057,,,,,,,,,,,,
358059,,,,,,,,,,,,
358060,,,,,,,,,,,,
358062,,,,,,,,,,,,
358063,,,,,,,,,,,,
358064,,,,,,,,,,,,
358070,,,,,,,,,,,,
358080,,,,,,,,,,,,
358090,,,,,,,,,,,,
360010,,,,,,,,,,,,
360020,,,,,,,,,,,,
360030,,,,,,,,,,,,
360040,,,,,,,,,,,,
360050,,,,,,,,,,,,
360060,,,,,,,,,,,,
360080,,,,,,,,,,,,
360090,,,,,,,,,,,,
360100,,,,,,,,,,,,
360101,,,,,,,,,,,,
360110,,,,,,,,,,,,
360120,,,,,,,,,,,,
360140,,,,,,,,,,,,
360150,,,,,,,,,,,,
360160,,,,,,,,,,,,
360170,,,,,,,,,,,,
370010,,,,,,,,,,,,
370020,,,,,,,,,,,,
370030,,,,,,,,,,,,
371020,,,,,,,,,,,,
371022,,,,,,,,,,,,
371030,,,,,,,,,,,,
371040,,,,,,,,,,,,
371050,,,,,,,,,,,,
371051,,,,,,,,,,,,
371060,,,,,,,,,,,,
371070,,,,,,,,,,,,
371080,,,,,,,,,,,,
371090,,,,,,,,,,,,
372010,,,,,,,,,,,,
372020,,,,,,,,,,,,
372030,,,,,,,,,,,,
372040,,,,,,,,,,,,
372050,,,,,,,,,,,,
372070,,,,,,,,,,,,
373010,,,,,,,,,,,,
373012,,,,,,,,,,,,
373030,,,,,,,,,,,,
373040,,,,,,,,,,,,
373050,,,,,,,,,,,,
373060,,,,,,,,,,,,
373070,,,,,,,,,,,,
373080,,,,,,,,,,,,
373082,,,,,,,,,,,,
373090,,,,,,,,,,,,
373100,,,,,,,,,,,,
374010,,,,,,,,,,,,
374020,,,,,,,,,,,,
374801,,,,,,,,,,,,
375010,,,,,,,,,,,,
376010,,,,,,,,,,,,
377020,,,,,,,,,,,,
381040,,,,,,,,,,,,
382001,,,,,,,,,,,,
382002,,,,,,,,,,,,
382010,,,,,,,,,,,,
382020,,,,,,,,,,,,
382030,,,,,,,,,,,,
382040,,,,,,,,,,,,
382050,,,,,,,,,,,,
382070,,,,,,,,,,,,
382080,,,,,,,,,,,,
382081,,,,,,,,,,,,
382090,,,,,,,,,,,,
382100,,,,,,,,,,,,
382110,,,,,,,,,,,,
382120,,,,,,,,,,,,
383010,,,,,,,,,,,,
383020,,,,,,,,,,,,
383030,,,,,,,,,,,,
383040,,,,,,,,,,,,
383050,,,,,,,,,,,,
383060,,,,,,,,,,,,
384010,,,,,,,,,,,,
384020,,,,,,,,,,,,
385030,,,,,,,,,,,,
385050,,,,,,,,,,,,
385052,,,,,,,,,,,,
386010,,,,,,,,,,,,
386011,,,,,,,,,,,,
386020,,,,,,,,,,,,
390010,,,,,,,,,,,,
390011,,,,,,,,,,,,
390012,,,,,,,,,,,,
390013,,,,,,,,,,,,
390015,,,,,,,,,,,,
390016,,,,,,,,,,,,
390017,,,,,,,,,,,,
390020,,,,,,,,,,,,
390021,,,,,,,,,,,,
390022,,,,,,,,,,,,
390023,,,,,,,,,,,,
390024,,,,,,,,,,,,
390025,,,,,,,,,,,,
390026,,,,,,,,,,,,
390027,,,,,,,,,,,,
390028,,,,,,,,,,,,
390029,,,,,,,,,,,,
390030,,,,,,,,,,,,
390031,,,,,,,,,,,,
390040,,,,,,,,,,,,
390041,,,,,,,,,,,,
390050,,,,,,,,,,,,
390070,,,,,,,,,,,,
390080,,,,,,,,,,,,
390081,,,,,,,,,,,,
390090,,,,,,,,,,,,
390100,,,,,,,,,,,,
390110,,,,,,,,,,,,
390120,,,,,,,,,,,,
390130,,,,,,,,,,,,
390140,,,,,,,,,,,,
390829,,,,,,,,,,,,
390847,,,,,,,,,,,,
